word_count,word,prefix,first_prefix,second_prefix,suffix,second_suffix,first_suffix,adjective_specificity
2,በላ,በላ,በ,ላ,በላ,በ,ላ,1
3,በላች,በላ,በ,ላ,ላች,ላ,ች,0
4,ይበላል,ይበ,ይ,በ,ላል,ላ,ል,1
5,ትበላለች,ትበ,ት,በ,ለች,ለ,ች,0
2,ብላ,ብላ,ብ,ላ,ብላ,ብ,ላ,1
2,ብይ,ብይ,ብ,ይ,ብይ,ብ,ይ,0
4,በልቷል,በል,በ,ል,ቷል,ቷ,ል,1
5,በልታለች,በል,በ,ል,ለች,ለ,ች,0
3,ይብላ,ይብ,ይ,ብ,ብላ,ብ,ላ,1
3,ትብላ,ትብ,ት,ብ,ብላ,ብ,ላ,0
5,አልበላም,አል,አ,ል,ላም,ላ,ም,1
6,አልበላችም,አል,አ,ል,ችም,ች,ም,0
5,አይበላም,አይ,አ,ይ,ላም,ላ,ም,1
5,አትበላም,አት,አ,ት,ላም,ላ,ም,0
4,አይብላ,አይ,አ,ይ,ብላ,ብ,ላ,1
4,አትብይ,አት,አ,ት,ብይ,ብ,ይ,0
2,መጣ,መጣ,መ,ጣ,መጣ,መ,ጣ,1
3,መጣች,መጣ,መ,ጣ,ጣች,ጣ,ች,0
3,ይምጣ,ይም,ይ,ም,ምጣ,ም,ጣ,1
3,ትምጣ,ትም,ት,ም,ምጣ,ም,ጣ,0
4,ይመጣል,ይመ,ይ,መ,ጣል,ጣ,ል,1
5,ትመጣለች,ትመ,ት,መ,ለች,ለ,ች,0
3,መቷል,መቷ,መ,ቷ,ቷል,ቷ,ል,1
4,መታልች,መታ,መ,ታ,ልች,ል,ች,0
1,ና,ና,ና,ና,ና,ና,ና,1
2,ነይ,ነይ,ነ,ይ,ነይ,ነ,ይ,0
5,አልመጣም,አል,አ,ል,ጣም,ጣ,ም,1
6,አልመጣችም,አል,አ,ል,ችም,ች,ም,0
5,አይመጣም,አይ,አ,ይ,ጣም,ጣ,ም,1
5,አትመጣም,አት,አ,ት,ጣም,ጣ,ም,0
4,አይምጣ,አይ,አ,ይ,ምጣ,ም,ጣ,1
4,አትምጭ,አት,አ,ት,ምጭ,ም,ጭ,0
2,ሄደ,ሄደ,ሄ,ደ,ሄደ,ሄ,ደ,1
3,ሄደች,ሄደ,ሄ,ደ,ደች,ደ,ች,0
4,ይሄዳል,ይሄ,ይ,ሄ,ዳል,ዳ,ል,1
5,ትሄዳለች,ትሄ,ት,ሄ,ለች,ለ,ች,0
3,ይሂድ,ይሂ,ይ,ሂ,ሂድ,ሂ,ድ,1
3,ትሂድ,ትሂ,ት,ሂ,ሂድ,ሂ,ድ,0
3,ሄዷል,ሄዷ,ሄ,ዷ,ዷል,ዷ,ል,1
4,ሄዳለች,ሄዳ,ሄ,ዳ,ለች,ለ,ች,0
2,ሂድ,ሂድ,ሂ,ድ,ሂድ,ሂ,ድ,1
2,ሂጅ,ሂጅ,ሂ,ጅ,ሂጅ,ሂ,ጅ,0
5,አልሄደም,አል,አ,ል,ደም,ደ,ም,1
6,አልሄደችም,አል,አ,ል,ችም,ች,ም,0
5,አይሄድም,አይ,አ,ይ,ድም,ድ,ም,1
5,አትሄድም,አት,አ,ት,ድም,ድ,ም,0
4,አይሂድ,አይ,አ,ይ,ሂድ,ሂ,ድ,1
4,አትሂጅ,አት,አ,ት,ሂጅ,ሂ,ጅ,0
4,መታለች,መታ,መ,ታ,ለች,ለ,ች,0
6,አልመጣችም,አል,አ,ል,ችም,ች,ም,0
2,ሮጠ,ሮጠ,ሮ,ጠ,ሮጠ,ሮ,ጠ,1
3,ሮጠች,ሮጠ,ሮ,ጠ,ጠች,ጠ,ች,0
4,ይሮጣል,ይሮ,ይ,ሮ,ጣል,ጣ,ል,1
5,ትሮጣለች,ትሮ,ት,ሮ,ለች,ለ,ች,0
3,ይሩጥ,ይሩ,ይ,ሩ,ሩጥ,ሩ,ጥ,1
3,ትሩጥ,ትሩ,ት,ሩ,ሩጥ,ሩ,ጥ,0
3,ሮጧል,ሮጧ,ሮ,ጧ,ጧል,ጧ,ል,1
4,ሮጣለች ,ሮጣ,ሮ,ጣ,ች ,ች, ,0
5,አልሮጠም,አል,አ,ል,ጠም,ጠ,ም,1
6,አልሮጠችም,አል,አ,ል,ችም,ች,ም,0
5,አይሮጥም,አይ,አ,ይ,ጥም,ጥ,ም,1
2,ሩጥ,ሩጥ,ሩ,ጥ,ሩጥ,ሩ,ጥ,1
2,ሩጭ,ሩጭ,ሩ,ጭ,ሩጭ,ሩ,ጭ,0
4,አይሩጥ,አይ,አ,ይ,ሩጥ,ሩ,ጥ,1
4,አትሩጭ,አት,አ,ት,ሩጭ,ሩ,ጭ,0
4,አነበበ,አነ,አ,ነ,በበ,በ,በ,1
5,አነበበች,አነ,አ,ነ,በች,በ,ች,0
4,ያነባል,ያነ,ያ,ነ,ባል,ባ,ል,1
5,ታነባለች,ታነ,ታ,ነ,ለች,ለ,ች,0
4,ያንብብ,ያን,ያ,ን,ብብ,ብ,ብ,1
4,ታንብብ,ታን,ታ,ን,ብብ,ብ,ብ,0
5,አንብቧል,አን,አ,ን,ቧል,ቧ,ል,1
6,አንብባልች ,አን,አ,ን,ች ,ች, ,0
6,አላነበበም,አላ,አ,ላ,በም,በ,ም,1
7,አላነበበችም,አላ,አ,ላ,ችም,ች,ም,0
5,አታነቢም,አታ,አ,ታ,ቢም,ቢ,ም,0
4,አንብብ,አን,አ,ን,ብብ,ብ,ብ,1
4,አንብቢ,አን,አ,ን,ብቢ,ብ,ቢ,0
4,አታንቢ,አታ,አ,ታ,ንቢ,ን,ቢ,0
5,አያንብብ,አያ,አ,ያ,ብብ,ብ,ብ,1
2,ሰራ,ሰራ,ሰ,ራ,ሰራ,ሰ,ራ,1
3,ሰራች,ሰራ,ሰ,ራ,ራች,ራ,ች,0
4,ይሰራል,ይሰ,ይ,ሰ,ራል,ራ,ል,1
5,ትሰራልች,ትሰ,ት,ሰ,ልች,ል,ች,0
3,ይስራ,ይስ,ይ,ስ,ስራ,ስ,ራ,1
3,ትስራ,ትስ,ት,ስ,ስራ,ስ,ራ,0
4,ሰርቷል,ሰር,ሰ,ር,ቷል,ቷ,ል,1
5,ሰርታለች,ሰር,ሰ,ር,ለች,ለ,ች,0
5,አልሰራም,አል,አ,ል,ራም,ራ,ም,1
6,አልሰራችም,አል,አ,ል,ችም,ች,ም,0
5,አትሰሪም,አት,አ,ት,ሪም,ሪ,ም,0
2,ስራ,ስራ,ስ,ራ,ስራ,ስ,ራ,1
2,ስሪ,ስሪ,ስ,ሪ,ስሪ,ስ,ሪ,0
4,አትስሪ,አት,አ,ት,ስሪ,ስ,ሪ,0
5,አይሰራም,አይ,አ,ይ,ራም,ራ,ም,1
3,መለሰ,መለ,መ,ለ,ለሰ,ለ,ሰ,1
4,መለሰች,መለ,መ,ለ,ሰች,ሰ,ች,0
5,ይመልሳል,ይመ,ይ,መ,ሳል,ሳ,ል,1
6,ትመልሳለች,ትመ,ት,መ,ለች,ለ,ች,0
4,ይመልስ,ይመ,ይ,መ,ልስ,ል,ስ,1
4,ትመልስ,ትመ,ት,መ,ልስ,ል,ስ,0
4,መልሷል,መል,መ,ል,ሷል,ሷ,ል,1
5,መልሳለች,መል,መ,ል,ለች,ለ,ች,0
6,አልመለሰም,አል,አ,ል,ሰም,ሰ,ም,1
7,አልመለሰችም,አል,አ,ል,ችም,ች,ም,0
6,አትመልሽም,አት,አ,ት,ሽም,ሽ,ም,0
3,መልስ,መል,መ,ል,ልስ,ል,ስ,1
3,መልሽ,መል,መ,ል,ልሽ,ል,ሽ,0
5,አትመልሽ,አት,አ,ት,ልሽ,ል,ሽ,0
6,አይመልስም,አይ,አ,ይ,ስም,ስ,ም,1
3,ለመነ,ለመ,ለ,መ,መነ,መ,ነ,1
4,ለመነች,ለመ,ለ,መ,ነች,ነ,ች,0
5,ይለምናል,ይለ,ይ,ለ,ናል,ና,ል,1
6,ትለምናለች,ትለ,ት,ለ,ለች,ለ,ች,0
4,ይለምን,ይለ,ይ,ለ,ምን,ም,ን,1
4,ትለምን,ትለ,ት,ለ,ምን,ም,ን,0
4,ለምኗል,ለም,ለ,ም,ኗል,ኗ,ል,1
5,ለምናልች,ለም,ለ,ም,ልች,ል,ች,0
5,አለመነም,አለ,አ,ለ,ነም,ነ,ም,1
6,አለመነችም,አለ,አ,ለ,ችም,ች,ም,0
6,አትለምኝም,አት,አ,ት,ኝም,ኝ,ም,0
3,ለምን,ለም,ለ,ም,ምን,ም,ን,1
3,ለምኝ,ለም,ለ,ም,ምኝ,ም,ኝ,0
5,አትለምኝ ,አት,አ,ት,ኝ ,ኝ, ,0
6,አይለምንም,አይ,አ,ይ,ንም,ን,ም,1
3,ለቀመ,ለቀ,ለ,ቀ,ቀመ,ቀ,መ,1
4,ለቀመች,ለቀ,ለ,ቀ,መች,መ,ች,0
5,ይለቅማል,ይለ,ይ,ለ,ማል,ማ,ል,1
6,ትለቅማልች,ትለ,ት,ለ,ልች,ል,ች,0
4,ይልቀም,ይል,ይ,ል,ቀም,ቀ,ም,1
4,ትልቀም,ትል,ት,ል,ቀም,ቀ,ም,0
4,ለቅሟል,ለቅ,ለ,ቅ,ሟል,ሟ,ል,1
5,ለቀማለች,ለቀ,ለ,ቀ,ለች,ለ,ች,0
5,አለቀመም,አለ,አ,ለ,መም,መ,ም,1
6,አለቀመችም,አለ,አ,ለ,ችም,ች,ም,0
6,አትለቅሚም,አት,አ,ት,ሚም,ሚ,ም,0
3,ልቀም,ልቀ,ል,ቀ,ቀም,ቀ,ም,1
3,ልቀሚ,ልቀ,ል,ቀ,ቀሚ,ቀ,ሚ,0
5,አትልቀሚ,አት,አ,ት,ቀሚ,ቀ,ሚ,0
6,አይለቅምም,አይ,አ,ይ,ምም,ም,ም,1
3,ለበሰ,ለበ,ለ,በ,በሰ,በ,ሰ,1
4,ለበሰች,ለበ,ለ,በ,ሰች,ሰ,ች,0
5,ይለብሳል,ይለ,ይ,ለ,ሳል,ሳ,ል,1
6,ትለብሳልች,ትለ,ት,ለ,ልች,ል,ች,0
4,ይልበስ,ይል,ይ,ል,በስ,በ,ስ,1
4,ትልበስ,ትል,ት,ል,በስ,በ,ስ,0
4,ለብሷል,ለብ,ለ,ብ,ሷል,ሷ,ል,1
5,ለብሳለች,ለብ,ለ,ብ,ለች,ለ,ች,0
5,አለበሰም,አለ,አ,ለ,ሰም,ሰ,ም,1
6,አለበሰችም,አለ,አ,ለ,ችም,ች,ም,0
6,አትልበሽም,አት,አ,ት,ሽም,ሽ,ም,0
3,ልበስ,ልበ,ል,በ,በስ,በ,ስ,1
3,ልበሽ,ልበ,ል,በ,በሽ,በ,ሽ,0
5,አትልበሽ,አት,አ,ት,በሽ,በ,ሽ,0
6,አይለብስም,አይ,አ,ይ,ስም,ስ,ም,1
3,ለወጠ,ለወ,ለ,ወ,ወጠ,ወ,ጠ,1
4,ለወጠች,ለወ,ለ,ወ,ጠች,ጠ,ች,0
5,ይለውጣል,ይለ,ይ,ለ,ጣል,ጣ,ል,1
6,ትለውጣለች,ትለ,ት,ለ,ለች,ለ,ች,0
4,ይለውጥ,ይለ,ይ,ለ,ውጥ,ው,ጥ,1
4,ትለውጥ,ትለ,ት,ለ,ውጥ,ው,ጥ,0
4,ለውጧል,ለው,ለ,ው,ጧል,ጧ,ል,1
5,ለውጣለች,ለው,ለ,ው,ለች,ለ,ች,0
5,አለወጠም,አለ,አ,ለ,ጠም,ጠ,ም,1
6,አለወጠችም,አለ,አ,ለ,ችም,ች,ም,0
5,አትለውጭ,አት,አ,ት,ውጭ,ው,ጭ,0
3,ለውጥ,ለው,ለ,ው,ውጥ,ው,ጥ,1
3,ለውጭ,ለው,ለ,ው,ውጭ,ው,ጭ,0
6,አትለውጭም,አት,አ,ት,ጭም,ጭ,ም,0
6,አይለውጥም,አይ,አ,ይ,ጥም,ጥ,ም,1
2,ለየ ,ለየ,ለ,የ,የ ,የ, ,1
3,ለየች,ለየ,ለ,የ,የች,የ,ች,0
4,ይለያል,ይለ,ይ,ለ,ያል,ያ,ል,1
5,ትለያለች,ትለ,ት,ለ,ለች,ለ,ች,0
3,ይለይ,ይለ,ይ,ለ,ለይ,ለ,ይ,1
3,ትለይ,ትለ,ት,ለ,ለይ,ለ,ይ,0
4,ለይቷል,ለይ,ለ,ይ,ቷል,ቷ,ል,1
5,ለይታለች,ለይ,ለ,ይ,ለች,ለ,ች,0
4,አለየም,አለ,አ,ለ,የም,የ,ም,1
5,አለየችም,አለ,አ,ለ,ችም,ች,ም,0
5,አይለይም,አይ,አ,ይ,ይም,ይ,ም,1
4,አይለይ ,አይ,አ,ይ,ይ ,ይ, ,1
5,አስለወጠ,አስ,አ,ስ,ወጠ,ወ,ጠ,1
6,አስለወጠች,አስ,አ,ስ,ጠች,ጠ,ች,0
2,ላከ,ላከ,ላ,ከ,ላከ,ላ,ከ,1
3,ላከች,ላከ,ላ,ከ,ከች,ከ,ች,0
4,ይልካል,ይል,ይ,ል,ካል,ካ,ል,1
5,ትልካለች,ትል,ት,ል,ለች,ለ,ች,0
3,ይላክ,ይላ,ይ,ላ,ላክ,ላ,ክ,1
3,ትላክ,ትላ,ት,ላ,ላክ,ላ,ክ,0
3,ልኳል,ልኳ,ል,ኳ,ኳል,ኳ,ል,1
4,ልካለች,ልካ,ል,ካ,ለች,ለ,ች,0
4,አላከም,አላ,አ,ላ,ከም,ከ,ም,1
5,አላከችም,አላ,አ,ላ,ችም,ች,ም,0
4,አይላክ,አይ,አ,ይ,ላክ,ላ,ክ,1
5,አይልክም,አይ,አ,ይ,ክም,ክ,ም,1
2,ላክ,ላክ,ላ,ክ,ላክ,ላ,ክ,1
2,ላኪ,ላኪ,ላ,ኪ,ላኪ,ላ,ኪ,0
4,አስላከ,አስ,አ,ስ,ላከ,ላ,ከ,1
5,አስላከች,አስ,አ,ስ,ከች,ከ,ች,0
5,አትልኪም,አት,አ,ት,ኪም,ኪ,ም,0
4,መለመለ,መለ,መ,ለ,መለ,መ,ለ,1
5,መለመለች,መለ,መ,ለ,ለች,ለ,ች,0
6,ይመለምላል,ይመ,ይ,መ,ላል,ላ,ል,1
7,ትመለምላለች,ትመ,ት,መ,ለች,ለ,ች,0
5,ይመልምል,ይመ,ይ,መ,ምል,ም,ል,1
5,ትመልምል,ትመ,ት,መ,ምል,ም,ል,0
5,መልምሏል,መል,መ,ል,ሏል,ሏ,ል,1
6,መልምላለች,መል,መ,ል,ለች,ለ,ች,0
7,አልመለመለም,አል,አ,ል,ለም,ለ,ም,1
8,አልመለመለችም,አል,አ,ል,ችም,ች,ም,0
6,አይመልምል,አይ,አ,ይ,ምል,ም,ል,1
7,አይመለምልም,አይ,አ,ይ,ልም,ል,ም,1
4,መልምል,መል,መ,ል,ምል,ም,ል,1
4,መልምይ,መል,መ,ል,ምይ,ም,ይ,0
7,አትመለምይም,አት,አ,ት,ይም,ይ,ም,0
2,መራ,መራ,መ,ራ,መራ,መ,ራ,1
3,መራች,መራ,መ,ራ,ራች,ራ,ች,0
4,ይመራል,ይመ,ይ,መ,ራል,ራ,ል,1
5,ትመራለች,ትመ,ት,መ,ለች,ለ,ች,0
3,ይምራ,ይም,ይ,ም,ምራ,ም,ራ,1
3,ትምራ,ትም,ት,ም,ምራ,ም,ራ,0
4,መርቷል,መር,መ,ር,ቷል,ቷ,ል,1
5,መርታለች,መር,መ,ር,ለች,ለ,ች,0
5,አልመራም,አል,አ,ል,ራም,ራ,ም,1
6,አልመራችም,አል,አ,ል,ችም,ች,ም,0
4,አይምራ,አይ,አ,ይ,ምራ,ም,ራ,1
5,አይመራም,አይ,አ,ይ,ራም,ራ,ም,1
2,ምራ,ምራ,ም,ራ,ምራ,ም,ራ,1
2,ምሪ,ምሪ,ም,ሪ,ምሪ,ም,ሪ,0
5,አትመሪም,አት,አ,ት,ሪም,ሪ,ም,0
4,መረመረ,መረ,መ,ረ,መረ,መ,ረ,1
5,መረመረች,መረ,መ,ረ,ረች,ረ,ች,0
6,ይመረምራል,ይመ,ይ,መ,ራል,ራ,ል,1
5,ይመርምር,ይመ,ይ,መ,ምር,ም,ር,1
5,ትመርምር,ትመ,ት,መ,ምር,ም,ር,0
5,መርምሯል,መር,መ,ር,ሯል,ሯ,ል,1
6,መርምራለች,መር,መ,ር,ለች,ለ,ች,0
7,አልመረመረም,አል,አ,ል,ረም,ረ,ም,1
8,አልመረመረችም,አል,አ,ል,ችም,ች,ም,0
6,አይመርምር,አይ,አ,ይ,ምር,ም,ር,1
4,መርምር,መር,መ,ር,ምር,ም,ር,1
4,መርምሪ,መር,መ,ር,ምሪ,ም,ሪ,0
7,አይመረምርም,አይ,አ,ይ,ርም,ር,ም,1
7,አትመረምሪም,አት,አ,ት,ሪም,ሪ,ም,0
6,አስመርምሪ,አስ,አ,ስ,ምሪ,ም,ሪ,0
4,መሰረተ,መሰ,መ,ሰ,ረተ,ረ,ተ,1
5,መሰረተች,መሰ,መ,ሰ,ተች,ተ,ች,0
6,ይመሰርታል,ይመ,ይ,መ,ታል,ታ,ል,1
7,ትመሰርታለች,ትመ,ት,መ,ለች,ለ,ች,0
5,ይመስርት,ይመ,ይ,መ,ርት,ር,ት,1
5,ትመስርት,ትመ,ት,መ,ርት,ር,ት,0
5,መስርቷል,መስ,መ,ስ,ቷል,ቷ,ል,1
6,መስርታለች,መስ,መ,ስ,ለች,ለ,ች,0
7,አልመሰረተም,አል,አ,ል,ተም,ተ,ም,1
8,አልመሰረተችም,አል,አ,ል,ችም,ች,ም,0
7,አይመሰርትም,አይ,አ,ይ,ትም,ት,ም,1
4,መስርት,መስ,መ,ስ,ርት,ር,ት,1
4,መስርች,መስ,መ,ስ,ርች,ር,ች,0
6,አይመስርት,አይ,አ,ይ,ርት,ር,ት,1
6,አትመስርች,አት,አ,ት,ርች,ር,ች,0
7,አትመሰርችም,አት,አ,ት,ችም,ች,ም,0
6,አስመስርት,አስ,አ,ስ,ርት,ር,ት,1
2,መታ,መታ,መ,ታ,መታ,መ,ታ,1
3,መታች,መታ,መ,ታ,ታች,ታ,ች,0
4,ይመታል,ይመ,ይ,መ,ታል,ታ,ል,1
5,ትመታለች,ትመ,ት,መ,ለች,ለ,ች,0
3,ይምታ,ይም,ይ,ም,ምታ,ም,ታ,1
3,ትምታ,ትም,ት,ም,ምታ,ም,ታ,0
5,አልመታም,አል,አ,ል,ታም,ታ,ም,1
6,አልመታችም,አል,አ,ል,ችም,ች,ም,0
5,አይመታም,አይ,አ,ይ,ታም,ታ,ም,1
2,ምታ,ምታ,ም,ታ,ምታ,ም,ታ,1
2,ምች,ምች,ም,ች,ምች,ም,ች,0
4,አይምታ,አይ,አ,ይ,ምታ,ም,ታ,1
4,አትምች,አት,አ,ት,ምች,ም,ች,0
4,አስመታ,አስ,አ,ስ,መታ,መ,ታ,1
4,አስመች,አስ,አ,ስ,መች,መ,ች,0
3,መዘነ,መዘ,መ,ዘ,ዘነ,ዘ,ነ,1
4,መዘነች,መዘ,መ,ዘ,ነች,ነ,ች,0
5,ይመዝናል,ይመ,ይ,መ,ናል,ና,ል,1
6,ትመዝናለች,ትመ,ት,መ,ለች,ለ,ች,0
4,ይመዝን,ይመ,ይ,መ,ዝን,ዝ,ን,1
4,ትመዝን,ትመ,ት,መ,ዝን,ዝ,ን,0
4,መዝኗል,መዝ,መ,ዝ,ኗል,ኗ,ል,1
5,መዝናለች,መዝ,መ,ዝ,ለች,ለ,ች,0
6,አልመዘነም,አል,አ,ል,ነም,ነ,ም,1
7,አልመዘነችም,አል,አ,ል,ችም,ች,ም,0
3,መዝን,መዝ,መ,ዝ,ዝን,ዝ,ን,1
3,መዝኝ,መዝ,መ,ዝ,ዝኝ,ዝ,ኝ,0
5,አይመዝን,አይ,አ,ይ,ዝን,ዝ,ን,1
5,አትመዝኝ,አት,አ,ት,ዝኝ,ዝ,ኝ,0
3,ተማረ,ተማ,ተ,ማ,ማረ,ማ,ረ,1
4,ተማረች,ተማ,ተ,ማ,ረች,ረ,ች,0
3,ይማር,ይማ,ይ,ማ,ማር,ማ,ር,1
3,ትማር,ትማ,ት,ማ,ማር,ማ,ር,0
4,ይማራል,ይማ,ይ,ማ,ራል,ራ,ል,1
5,ትማራለች,ትማ,ት,ማ,ለች,ለ,ች,0
4,ተምሯል,ተም,ተ,ም,ሯል,ሯ,ል,1
5,ተምራለች,ተም,ተ,ም,ለች,ለ,ች,0
6,አልተማረም,አል,አ,ል,ረም,ረ,ም,1
7,አልተማረችም,አል,አ,ል,ችም,ች,ም,0
3,ተማር,ተማ,ተ,ማ,ማር,ማ,ር,1
4,አትምሪ,አት,አ,ት,ምሪ,ም,ሪ,0
5,አይማርም,አይ,አ,ይ,ርም,ር,ም,1
5,አስተምሪ,አስ,አ,ስ,ምሪ,ም,ሪ,0
5,አስተምር,አስ,አ,ስ,ምር,ም,ር,1
4,መነጠረ,መነ,መ,ነ,ጠረ,ጠ,ረ,1
5,መነጠረች,መነ,መ,ነ,ረች,ረ,ች,0
5,ይመንጥር,ይመ,ይ,መ,ጥር,ጥ,ር,1
5,ትመንጥር,ትመ,ት,መ,ጥር,ጥ,ር,0
6,ይመነጥራል,ይመ,ይ,መ,ራል,ራ,ል,1
7,ትመነጥራለች,ትመ,ት,መ,ለች,ለ,ች,0
5,መንጥሯል,መን,መ,ን,ሯል,ሯ,ል,1
6,መንጥራለች,መን,መ,ን,ለች,ለ,ች,0
7,አልመነጠረም,አል,አ,ል,ረም,ረ,ም,1
8,አልመነጠረችም,አል,አ,ል,ችም,ች,ም,0
4,መንጥር,መን,መ,ን,ጥር,ጥ,ር,1
4,መንጥሪ,መን,መ,ን,ጥሪ,ጥ,ሪ,0
7,አይመነጥርም,አይ,አ,ይ,ርም,ር,ም,1
6,አስመንጥር,አስ,አ,ስ,ጥር,ጥ,ር,1
6,አስመንጥሪ,አስ,አ,ስ,ጥሪ,ጥ,ሪ,0
6,አትመንጥሪ,አት,አ,ት,ጥሪ,ጥ,ሪ,0
3,መከረ,መከ,መ,ከ,ከረ,ከ,ረ,1
4,መከረች,መከ,መ,ከ,ረች,ረ,ች,0
4,ይምከር,ይም,ይ,ም,ከር,ከ,ር,1
4,ትምከር,ትም,ት,ም,ከር,ከ,ር,0
5,ይመክራል,ይመ,ይ,መ,ራል,ራ,ል,1
6,ትመክራለች,ትመ,ት,መ,ለች,ለ,ች,0
4,መክሯል,መክ,መ,ክ,ሯል,ሯ,ል,1
5,መክራለች,መክ,መ,ክ,ለች,ለ,ች,0
6,አልመከረም,አል,አ,ል,ረም,ረ,ም,1
7,አልመከረችም,አል,አ,ል,ችም,ች,ም,0
3,ምከር,ምከ,ም,ከ,ከር,ከ,ር,1
3,ምከሪ,ምከ,ም,ከ,ከሪ,ከ,ሪ,0
6,አይመክርም,አይ,አ,ይ,ርም,ር,ም,1
5,አስመክር,አስ,አ,ስ,ክር,ክ,ር,1
5,አስመክሪ,አስ,አ,ስ,ክሪ,ክ,ሪ,0
5,አትምከሪ,አት,አ,ት,ከሪ,ከ,ሪ,0
3,መደበ,መደ,መ,ደ,ደበ,ደ,በ,1
4,መደበች,መደ,መ,ደ,በች,በ,ች,0
4,ይመድብ,ይመ,ይ,መ,ድብ,ድ,ብ,1
4,ትመድብ,ትመ,ት,መ,ድብ,ድ,ብ,0
5,ይመድባል,ይመ,ይ,መ,ባል,ባ,ል,1
6,ትመድባልች,ትመ,ት,መ,ልች,ል,ች,0
4,መድቧል,መድ,መ,ድ,ቧል,ቧ,ል,1
5,መድባለች,መድ,መ,ድ,ለች,ለ,ች,0
6,አልመደበም,አል,አ,ል,በም,በ,ም,1
7,አልመደበችም,አል,አ,ል,ችም,ች,ም,0
3,መድብ,መድ,መ,ድ,ድብ,ድ,ብ,1
3,መድቢ,መድ,መ,ድ,ድቢ,ድ,ቢ,0
6,አይመድብም,አይ,አ,ይ,ብም,ብ,ም,1
5,አስመድብ,አስ,አ,ስ,ድብ,ድ,ብ,1
5,አስመድቢ,አስ,አ,ስ,ድቢ,ድ,ቢ,0
5,አትመድቢ,አት,አ,ት,ድቢ,ድ,ቢ,0
3,መገበ,መገ,መ,ገ,ገበ,ገ,በ,1
4,መገበች,መገ,መ,ገ,በች,በ,ች,0
4,ይመግብ,ይመ,ይ,መ,ግብ,ግ,ብ,1
4,ትመግብ,ትመ,ት,መ,ግብ,ግ,ብ,0
5,ይመግባል,ይመ,ይ,መ,ባል,ባ,ል,1
6,ትመግባለች,ትመ,ት,መ,ለች,ለ,ች,0
4,መግቧል,መግ,መ,ግ,ቧል,ቧ,ል,1
5,መግባልች,መግ,መ,ግ,ልች,ል,ች,0
6,አልመገበም,አል,አ,ል,በም,በ,ም,1
7,አልመገበችም,አል,አ,ል,ችም,ች,ም,0
3,መግብ,መግ,መ,ግ,ግብ,ግ,ብ,1
3,መግቢ,መግ,መ,ግ,ግቢ,ግ,ቢ,0
6,አይመግብም,አይ,አ,ይ,ብም,ብ,ም,1
5,አስመግብ,አስ,አ,ስ,ግብ,ግ,ብ,1
5,አስመግቢ,አስ,አ,ስ,ግቢ,ግ,ቢ,0
5,አትመግቢ,አት,አ,ት,ግቢ,ግ,ቢ,0
3,ማለደ,ማለ,ማ,ለ,ለደ,ለ,ደ,1
4,ማለደች,ማለ,ማ,ለ,ደች,ደ,ች,0
5,ይማልዳል,ይማ,ይ,ማ,ዳል,ዳ,ል,1
6,ትማልዳለች,ትማ,ት,ማ,ለች,ለ,ች,0
4,ይማልድ,ይማ,ይ,ማ,ልድ,ል,ድ,1
4,ትማልድ,ትማ,ት,ማ,ልድ,ል,ድ,0
4,ማልዷል,ማል,ማ,ል,ዷል,ዷ,ል,1
5,ማልዳለች,ማል,ማ,ል,ለች,ለ,ች,0
6,አልማለደም,አል,አ,ል,ደም,ደ,ም,1
7,አልማለደችም,አል,አ,ል,ችም,ች,ም,0
3,ማልድ,ማል,ማ,ል,ልድ,ል,ድ,1
3,ማልጅ,ማል,ማ,ል,ልጅ,ል,ጅ,0
6,አይማልድም,አይ,አ,ይ,ድም,ድ,ም,1
5,አስማልድ,አስ,አ,ስ,ልድ,ል,ድ,1
5,አስማልጅ,አስ,አ,ስ,ልጅ,ል,ጅ,0
5,አትማልጅ,አት,አ,ት,ልጅ,ል,ጅ,0
4,ሠለጠነ,ሠለ,ሠ,ለ,ጠነ,ጠ,ነ,1
5,ሠለጠነች,ሠለ,ሠ,ለ,ነች,ነ,ች,0
6,ይሰለጥናል,ይሰ,ይ,ሰ,ናል,ና,ል,1
7,ትሰለጥናለች,ትሰ,ት,ሰ,ለች,ለ,ች,0
5,ይሰልጥን,ይሰ,ይ,ሰ,ጥን,ጥ,ን,1
5,ትሰልጥን,ትሰ,ት,ሰ,ጥን,ጥ,ን,0
5,ሰልጥኗል,ሰል,ሰ,ል,ኗል,ኗ,ል,1
6,ሰልጥናለች,ሰል,ሰ,ል,ለች,ለ,ች,0
7,አልሰለጠነም,አል,አ,ል,ነም,ነ,ም,1
8,አልሰለጠነችም,አል,አ,ል,ችም,ች,ም,0
4,ሰልጥን,ሰል,ሰ,ል,ጥን,ጥ,ን,1
4,ሰልጥኝ,ሰል,ሰ,ል,ጥኝ,ጥ,ኝ,0
7,አይሰለጥንም,አይ,አ,ይ,ንም,ን,ም,1
5,አሰልጥን,አሰ,አ,ሰ,ጥን,ጥ,ን,1
5,አሰልጥኝ,አሰ,አ,ሰ,ጥኝ,ጥ,ኝ,0
6,አታሰልጥኝ,አታ,አ,ታ,ጥኝ,ጥ,ኝ,0
2,ሳቀ,ሳቀ,ሳ,ቀ,ሳቀ,ሳ,ቀ,1
3,ሳቀች,ሳቀ,ሳ,ቀ,ቀች,ቀ,ች,0
4,ይስቃል,ይስ,ይ,ስ,ቃል,ቃ,ል,1
5,ትስቃልች,ትስ,ት,ስ,ልች,ል,ች,0
3,ይሳቅ,ይሳ,ይ,ሳ,ሳቅ,ሳ,ቅ,1
3,ትሳቅ,ትሳ,ት,ሳ,ሳቅ,ሳ,ቅ,0
3,ስቋል,ስቋ,ስ,ቋ,ቋል,ቋ,ል,1
4,ስቃለች,ስቃ,ስ,ቃ,ለች,ለ,ች,0
5,አልሳቀም,አል,አ,ል,ቀም,ቀ,ም,1
6,አልሳቀችም,አል,አ,ል,ችም,ች,ም,0
2,ሳቅ,ሳቅ,ሳ,ቅ,ሳቅ,ሳ,ቅ,1
2,ሳቂ,ሳቂ,ሳ,ቂ,ሳቂ,ሳ,ቂ,0
5,አይስቅም,አይ,አ,ይ,ቅም,ቅ,ም,1
3,አስቅ,አስ,አ,ስ,ስቅ,ስ,ቅ,1
3,አስቂ,አስ,አ,ስ,ስቂ,ስ,ቂ,0
4,አታስቂ,አታ,አ,ታ,ስቂ,ስ,ቂ,0
2,ረሳ,ረሳ,ረ,ሳ,ረሳ,ረ,ሳ,1
3,ረሳች,ረሳ,ረ,ሳ,ሳች,ሳ,ች,0
4,ይረሳል,ይረ,ይ,ረ,ሳል,ሳ,ል,1
5,ትረሳለች,ትረ,ት,ረ,ለች,ለ,ች,0
3,ይርሳ,ይር,ይ,ር,ርሳ,ር,ሳ,1
3,ትርሳ,ትር,ት,ር,ርሳ,ር,ሳ,0
4,ረስቷል,ረስ,ረ,ስ,ቷል,ቷ,ል,1
5,ረስታለች,ረስ,ረ,ስ,ለች,ለ,ች,0
5,አልረሳም,አል,አ,ል,ሳም,ሳ,ም,1
6,አልረሳችም,አል,አ,ል,ችም,ች,ም,0
2,ርሳ,ርሳ,ር,ሳ,ርሳ,ር,ሳ,1
2,ርሽ,ርሽ,ር,ሽ,ርሽ,ር,ሽ,0
5,አይረሳም,አይ,አ,ይ,ሳም,ሳ,ም,1
4,አስረሳ,አስ,አ,ስ,ረሳ,ረ,ሳ,1
4,አስረሽ,አስ,አ,ስ,ረሽ,ረ,ሽ,0
5,አታስረሽ,አታ,አ,ታ,ረሽ,ረ,ሽ,0
2,ረካ,ረካ,ረ,ካ,ረካ,ረ,ካ,1
3,ረካች,ረካ,ረ,ካ,ካች,ካ,ች,0
4,ይረካል,ይረ,ይ,ረ,ካል,ካ,ል,1
5,ትረካለች,ትረ,ት,ረ,ለች,ለ,ች,0
3,ይርካ,ይር,ይ,ር,ርካ,ር,ካ,1
3,ትርካ,ትር,ት,ር,ርካ,ር,ካ,0
4,ረክቷል,ረክ,ረ,ክ,ቷል,ቷ,ል,1
5,ረክታለች,ረክ,ረ,ክ,ለች,ለ,ች,0
5,አልረካም,አል,አ,ል,ካም,ካ,ም,1
6,አልረካችም,አል,አ,ል,ችም,ች,ም,0
2,ርካ,ርካ,ር,ካ,ርካ,ር,ካ,1
2,ርኪ,ርኪ,ር,ኪ,ርኪ,ር,ኪ,0
5,አይረካም,አይ,አ,ይ,ካም,ካ,ም,1
3,አርካ,አር,አ,ር,ርካ,ር,ካ,1
3,አርኪ,አር,አ,ር,ርኪ,ር,ኪ,0
4,አታርኪ,አታ,አ,ታ,ርኪ,ር,ኪ,0
3,ረዘመ,ረዘ,ረ,ዘ,ዘመ,ዘ,መ,1
4,ረዘመች,ረዘ,ረ,ዘ,መች,መ,ች,0
5,ይረዝማል,ይረ,ይ,ረ,ማል,ማ,ል,1
6,ትረዝማለች,ትረ,ት,ረ,ለች,ለ,ች,0
4,ይርዘም,ይር,ይ,ር,ዘም,ዘ,ም,1
4,ትርዘም,ትር,ት,ር,ዘም,ዘ,ም,0
4,ረዝሟል,ረዝ,ረ,ዝ,ሟል,ሟ,ል,1
5,ረዝማለች,ረዝ,ረ,ዝ,ለች,ለ,ች,0
6,አልረዘመም,አል,አ,ል,መም,መ,ም,1
7,አልረዘመችም,አል,አ,ል,ችም,ች,ም,0
3,ርዘም,ርዘ,ር,ዘ,ዘም,ዘ,ም,1
3,ርዘሚ,ርዘ,ር,ዘ,ዘሚ,ዘ,ሚ,0
6,አይረዝምም,አይ,አ,ይ,ምም,ም,ም,1
4,አርዝም,አር,አ,ር,ዝም,ዝ,ም,1
4,አርዝሚ,አር,አ,ር,ዝሚ,ዝ,ሚ,0
5,አታርዝሚ,አታ,አ,ታ,ዝሚ,ዝ,ሚ,0
3,ረገጠ,ረገ,ረ,ገ,ገጠ,ገ,ጠ,1
4,ረገጠች,ረገ,ረ,ገ,ጠች,ጠ,ች,0
5,ይረግጣል,ይረ,ይ,ረ,ጣል,ጣ,ል,1
6,ትረግጣለች,ትረ,ት,ረ,ለች,ለ,ች,0
4,ይርገጥ,ይር,ይ,ር,ገጥ,ገ,ጥ,1
4,ትርገጥ,ትር,ት,ር,ገጥ,ገ,ጥ,0
4,ረግጧል,ረግ,ረ,ግ,ጧል,ጧ,ል,1
5,ረግጣለች,ረግ,ረ,ግ,ለች,ለ,ች,0
6,አልረገጠም,አል,አ,ል,ጠም,ጠ,ም,1
7,አልረገጠችም,አል,አ,ል,ችም,ች,ም,0
5,አስረግጥ,አስ,አ,ስ,ግጥ,ግ,ጥ,1
5,አስረግጭ,አስ,አ,ስ,ግጭ,ግ,ጭ,0
4,እርገጥ,እር,እ,ር,ገጥ,ገ,ጥ,1
4,እርገጭ,እር,እ,ር,ገጭ,ገ,ጭ,0
6,አይረግጥም,አይ,አ,ይ,ጥም,ጥ,ም,1
6,አታስረግጭ,አታ,አ,ታ,ግጭ,ግ,ጭ,0
3,ረገመ,ረገ,ረ,ገ,ገመ,ገ,መ,1
4,ረገመች,ረገ,ረ,ገ,መች,መ,ች,0
5,ይረግማል,ይረ,ይ,ረ,ማል,ማ,ል,1
6,ትረግማለች,ትረ,ት,ረ,ለች,ለ,ች,0
4,ይርገም,ይር,ይ,ር,ገም,ገ,ም,1
4,ትርገም,ትር,ት,ር,ገም,ገ,ም,0
4,ረግሟል,ረግ,ረ,ግ,ሟል,ሟ,ል,1
5,ረግማለች,ረግ,ረ,ግ,ለች,ለ,ች,0
6,አልረገመም,አል,አ,ል,መም,መ,ም,1
7,አልረገመችም,አል,አ,ል,ችም,ች,ም,0
5,አስረግም,አስ,አ,ስ,ግም,ግ,ም,1
5,አስረግሚ,አስ,አ,ስ,ግሚ,ግ,ሚ,0
4,እርገም,እር,እ,ር,ገም,ገ,ም,1
4,እርገሚ,እር,እ,ር,ገሚ,ገ,ሚ,0
6,አይረግምም,አይ,አ,ይ,ምም,ም,ም,1
6,አታስረግሚ,አታ,አ,ታ,ግሚ,ግ,ሚ,0
2,ረጨ,ረጨ,ረ,ጨ,ረጨ,ረ,ጨ,1
3,ረጨች,ረጨ,ረ,ጨ,ጨች,ጨ,ች,0
4,ይረጫል,ይረ,ይ,ረ,ጫል,ጫ,ል,1
5,ትረጫለች,ትረ,ት,ረ,ለች,ለ,ች,0
3,ይርጭ,ይር,ይ,ር,ርጭ,ር,ጭ,1
3,ትርጭ,ትር,ት,ር,ርጭ,ር,ጭ,0
4,ረጭቷል,ረጭ,ረ,ጭ,ቷል,ቷ,ል,1
5,ረጭታለች,ረጭ,ረ,ጭ,ለች,ለ,ች,0
5,አልረጨም,አል,አ,ል,ጨም,ጨ,ም,1
6,አልረጨችም,አል,አ,ል,ችም,ች,ም,0
3,እርጭ,እር,እ,ር,ርጭ,ር,ጭ,1
3,እርጪ,እር,እ,ር,ርጪ,ር,ጪ,0
4,አስረጭ,አስ,አ,ስ,ረጭ,ረ,ጭ,1
4,አስረጪ,አስ,አ,ስ,ረጪ,ረ,ጪ,0
4,አይርጭ,አይ,አ,ይ,ርጭ,ር,ጭ,1
5,አታስረጪ,አታ,አ,ታ,ረጪ,ረ,ጪ,0
2,ራቀ,ራቀ,ራ,ቀ,ራቀ,ራ,ቀ,1
3,ራቀች,ራቀ,ራ,ቀ,ቀች,ቀ,ች,0
4,ይርቃል,ይር,ይ,ር,ቃል,ቃ,ል,1
5,ትርቃለች,ትር,ት,ር,ለች,ለ,ች,0
3,ይራቅ,ይራ,ይ,ራ,ራቅ,ራ,ቅ,1
3,ትራቅ,ትራ,ት,ራ,ራቅ,ራ,ቅ,0
3,ርቋል,ርቋ,ር,ቋ,ቋል,ቋ,ል,1
4,ርቃለች,ርቃ,ር,ቃ,ለች,ለ,ች,0
5,አልራቀም,አል,አ,ል,ቀም,ቀ,ም,1
6,አልራቀችም,አል,አ,ል,ችም,ች,ም,0
3,እራቅ,እራ,እ,ራ,ራቅ,ራ,ቅ,1
3,እራቂ,እራ,እ,ራ,ራቂ,ራ,ቂ,0
3,አርቅ,አር,አ,ር,ርቅ,ር,ቅ,1
3,አርቂ,አር,አ,ር,ርቂ,ር,ቂ,0
4,አያርቅ,አያ,አ,ያ,ርቅ,ር,ቅ,1
4,አታርቂ,አታ,አ,ታ,ርቂ,ር,ቂ,0
2,ሮጠ,ሮጠ,ሮ,ጠ,ሮጠ,ሮ,ጠ,1
3,ሮጠች,ሮጠ,ሮ,ጠ,ጠች,ጠ,ች,0
3,ይሩጥ,ይሩ,ይ,ሩ,ሩጥ,ሩ,ጥ,1
3,ትሩጥ,ትሩ,ት,ሩ,ሩጥ,ሩ,ጥ,0
4,ይሮጣል,ይሮ,ይ,ሮ,ጣል,ጣ,ል,1
5,ትሮጣለች,ትሮ,ት,ሮ,ለች,ለ,ች,0
3,ሩጧል,ሩጧ,ሩ,ጧ,ጧል,ጧ,ል,1
4,ሩጣለች,ሩጣ,ሩ,ጣ,ለች,ለ,ች,0
5,አልሮጠም,አል,አ,ል,ጠም,ጠ,ም,1
6,አልሮጠችም,አል,አ,ል,ችም,ች,ም,0
2,ሩጥ,ሩጥ,ሩ,ጥ,ሩጥ,ሩ,ጥ,1
2,ሩጭ,ሩጭ,ሩ,ጭ,ሩጭ,ሩ,ጭ,0
3,አሩጥ,አሩ,አ,ሩ,ሩጥ,ሩ,ጥ,1
3,አሩጭ,አሩ,አ,ሩ,ሩጭ,ሩ,ጭ,0
4,አይሩጥ,አይ,አ,ይ,ሩጥ,ሩ,ጥ,1
4,አታሩጭ,አታ,አ,ታ,ሩጭ,ሩ,ጭ,0
3,ሰበረ,ሰበ,ሰ,በ,በረ,በ,ረ,1
4,ሰበረች,ሰበ,ሰ,በ,ረች,ረ,ች,0
4,ይስበር,ይስ,ይ,ስ,በር,በ,ር,1
4,ትስበር,ትስ,ት,ስ,በር,በ,ር,0
5,ይሰብራል,ይሰ,ይ,ሰ,ራል,ራ,ል,1
6,ትሰብራለች,ትሰ,ት,ሰ,ለች,ለ,ች,0
4,ሰብሯል,ሰብ,ሰ,ብ,ሯል,ሯ,ል,1
5,ሰብራለች,ሰብ,ሰ,ብ,ለች,ለ,ች,0
6,አልሰበረም,አል,አ,ል,ረም,ረ,ም,1
7,አልሰበረችም,አል,አ,ል,ችም,ች,ም,0
3,ስበር,ስበ,ስ,በ,በር,በ,ር,1
3,ስበሪ,ስበ,ስ,በ,በሪ,በ,ሪ,0
4,አሰብር,አሰ,አ,ሰ,ብር,ብ,ር,1
4,አሰብሪ,አሰ,አ,ሰ,ብሪ,ብ,ሪ,0
5,አይስበር,አይ,አ,ይ,በር,በ,ር,1
5,አትስበሪ,አት,አ,ት,በሪ,በ,ሪ,0
3,ሰረቀ,ሰረ,ሰ,ረ,ረቀ,ረ,ቀ,1
4,ሰረቀች,ሰረ,ሰ,ረ,ቀች,ቀ,ች,0
4,ይስረቅ,ይስ,ይ,ስ,ረቅ,ረ,ቅ,1
4,ትስረቅ,ትስ,ት,ስ,ረቅ,ረ,ቅ,0
5,ይሰርቃል,ይሰ,ይ,ሰ,ቃል,ቃ,ል,1
6,ትሰርቃለች,ትሰ,ት,ሰ,ለች,ለ,ች,0
4,ሰርቋል,ሰር,ሰ,ር,ቋል,ቋ,ል,1
5,ሰርቃለች,ሰር,ሰ,ር,ለች,ለ,ች,0
6,አልሰረቀም,አል,አ,ል,ቀም,ቀ,ም,1
7,አልሰረቀችም,አል,አ,ል,ችም,ች,ም,0
3,ስረቅ,ስረ,ስ,ረ,ረቅ,ረ,ቅ,1
3,ስረቂ,ስረ,ስ,ረ,ረቂ,ረ,ቂ,0
4,አሰርቅ,አሰ,አ,ሰ,ርቅ,ር,ቅ,1
4,አሰርቂ,አሰ,አ,ሰ,ርቂ,ር,ቂ,0
5,አይስረቅ,አይ,አ,ይ,ረቅ,ረ,ቅ,1
5,አትስረቂ,አት,አ,ት,ረቂ,ረ,ቂ,0
3,ሰነፈ,ሰነ,ሰ,ነ,ነፈ,ነ,ፈ,1
4,ሰነፈች,ሰነ,ሰ,ነ,ፈች,ፈ,ች,0
4,ይስነፍ,ይስ,ይ,ስ,ነፍ,ነ,ፍ,1
4,ትስነፍ,ትስ,ት,ስ,ነፍ,ነ,ፍ,0
5,ይሰንፋል,ይሰ,ይ,ሰ,ፋል,ፋ,ል,1
6,ትሰንፋለች,ትሰ,ት,ሰ,ለች,ለ,ች,0
4,ሰንፏል,ሰን,ሰ,ን,ፏል,ፏ,ል,1
5,ሰንፋለች,ሰን,ሰ,ን,ለች,ለ,ች,0
6,አልሰነፈም,አል,አ,ል,ፈም,ፈ,ም,1
7,አልሰረቀችም,አል,አ,ል,ችም,ች,ም,0
3,ስነፍ,ስነ,ስ,ነ,ነፍ,ነ,ፍ,1
3,ስነፊ,ስነ,ስ,ነ,ነፊ,ነ,ፊ,0
5,አታሳንፍ,አታ,አ,ታ,ንፍ,ን,ፍ,1
5,አታሳንፊ,አታ,አ,ታ,ንፊ,ን,ፊ,0
5,አይስነፍ,አይ,አ,ይ,ነፍ,ነ,ፍ,1
5,አትስነፊ,አት,አ,ት,ነፊ,ነ,ፊ,0
4,ሰነጠቀ,ሰነ,ሰ,ነ,ጠቀ,ጠ,ቀ,1
5,ሰነጠቀች,ሰነ,ሰ,ነ,ቀች,ቀ,ች,0
5,ይሰንጥቅ,ይሰ,ይ,ሰ,ጥቅ,ጥ,ቅ,1
5,ትሰንጥቅ,ትሰ,ት,ሰ,ጥቅ,ጥ,ቅ,0
6,ይሰነጥቃል,ይሰ,ይ,ሰ,ቃል,ቃ,ል,1
7,ትሰነጥቃልች,ትሰ,ት,ሰ,ልች,ል,ች,0
5,ሰንጥቋል,ሰን,ሰ,ን,ቋል,ቋ,ል,1
6,ሰንጥቃለች,ሰን,ሰ,ን,ለች,ለ,ች,0
7,አልሰነጠቀም,አል,አ,ል,ቀም,ቀ,ም,1
8,አልሰነጠቀችም,አል,አ,ል,ችም,ች,ም,0
4,ሰንጥቅ,ሰን,ሰ,ን,ጥቅ,ጥ,ቅ,1
4,ሰንጥቂ,ሰን,ሰ,ን,ጥቂ,ጥ,ቂ,0
5,አሰንጥቅ,አሰ,አ,ሰ,ጥቅ,ጥ,ቅ,1
5,አሰንጥቂ,አሰ,አ,ሰ,ጥቂ,ጥ,ቂ,0
6,አይሰንጥቅ,አይ,አ,ይ,ጥቅ,ጥ,ቅ,1
6,አትሰንጥቂ,አት,አ,ት,ጥቂ,ጥ,ቂ,0
3,ሰየመ,ሰየ,ሰ,የ,የመ,የ,መ,1
4,ሰየመች,ሰየ,ሰ,የ,መች,መ,ች,0
4,ይሰይም,ይሰ,ይ,ሰ,ይም,ይ,ም,1
5,ትይሰይም,ትይ,ት,ይ,ይም,ይ,ም,0
5,ይሰይማል,ይሰ,ይ,ሰ,ማል,ማ,ል,1
6,ትሰይማለች,ትሰ,ት,ሰ,ለች,ለ,ች,0
4,ሰይሟል,ሰይ,ሰ,ይ,ሟል,ሟ,ል,1
5,ሰይማለች,ሰይ,ሰ,ይ,ለች,ለ,ች,0
6,አልሰየመም,አል,አ,ል,መም,መ,ም,1
7,አልሰየመችም,አል,አ,ል,ችም,ች,ም,0
3,ሰይም,ሰይ,ሰ,ይ,ይም,ይ,ም,1
3,ሰይሚ,ሰይ,ሰ,ይ,ይሚ,ይ,ሚ,0
4,አሰይም,አሰ,አ,ሰ,ይም,ይ,ም,1
4,አሰይሚ,አሰ,አ,ሰ,ይሚ,ይ,ሚ,0
5,አይሰይም,አይ,አ,ይ,ይም,ይ,ም,1
5,አትሰይሚ,አት,አ,ት,ይሚ,ይ,ሚ,0
3,ሰገደ,ሰገ,ሰ,ገ,ገደ,ገ,ደ,1
4,ሰገደች,ሰገ,ሰ,ገ,ደች,ደ,ች,0
4,ይስገድ,ይስ,ይ,ስ,ገድ,ገ,ድ,1
4,ትስገድ,ትስ,ት,ስ,ገድ,ገ,ድ,0
5,ይሰግዳል,ይሰ,ይ,ሰ,ዳል,ዳ,ል,1
6,ትሰግዳለች,ትሰ,ት,ሰ,ለች,ለ,ች,0
4,ሰግዷል,ሰግ,ሰ,ግ,ዷል,ዷ,ል,1
5,ሰግዳለች,ሰግ,ሰ,ግ,ለች,ለ,ች,0
6,አልሰገደም,አል,አ,ል,ደም,ደ,ም,1
7,አልሰገደችም,አል,አ,ል,ችም,ች,ም,0
3,ስገድ,ስገ,ስ,ገ,ገድ,ገ,ድ,1
3,ስገጅ,ስገ,ስ,ገ,ገጅ,ገ,ጅ,0
4,አሰግድ,አሰ,አ,ሰ,ግድ,ግ,ድ,1
4,አሰግጅ,አሰ,አ,ሰ,ግጅ,ግ,ጅ,0
5,አይስገድ,አይ,አ,ይ,ገድ,ገ,ድ,1
5,አትስገጅ,አት,አ,ት,ገጅ,ገ,ጅ,0
2,ሳበ,ሳበ,ሳ,በ,ሳበ,ሳ,በ,1
3,ሳበች,ሳበ,ሳ,በ,በች,በ,ች,0
3,ይሳብ,ይሳ,ይ,ሳ,ሳብ,ሳ,ብ,1
3,ትሳብ,ትሳ,ት,ሳ,ሳብ,ሳ,ብ,0
4,ይስባል,ይስ,ይ,ስ,ባል,ባ,ል,1
5,ትስባለች,ትስ,ት,ስ,ለች,ለ,ች,0
3,ስቧል,ስቧ,ስ,ቧ,ቧል,ቧ,ል,1
4,ስባለች,ስባ,ስ,ባ,ለች,ለ,ች,0
5,አልሳበም,አል,አ,ል,በም,በ,ም,1
6,አልሳበችም,አል,አ,ል,ችም,ች,ም,0
2,ሳብ,ሳብ,ሳ,ብ,ሳብ,ሳ,ብ,1
2,ሳቢ,ሳቢ,ሳ,ቢ,ሳቢ,ሳ,ቢ,0
3,አስብ,አስ,አ,ስ,ስብ,ስ,ብ,1
3,አስቢ,አስ,አ,ስ,ስቢ,ስ,ቢ,0
4,አይሳብ,አይ,አ,ይ,ሳብ,ሳ,ብ,1
4,አትሳቢ,አት,አ,ት,ሳቢ,ሳ,ቢ,0
3,ሸለመ,ሸለ,ሸ,ለ,ለመ,ለ,መ,1
4,ሸለመች,ሸለ,ሸ,ለ,መች,መ,ች,0
4,ይሸልም,ይሸ,ይ,ሸ,ልም,ል,ም,1
4,ትሸልም,ትሸ,ት,ሸ,ልም,ል,ም,0
5,ይሸልማል,ይሸ,ይ,ሸ,ማል,ማ,ል,1
6,ትሸልማለች,ትሸ,ት,ሸ,ለች,ለ,ች,0
4,ሸልሟል,ሸል,ሸ,ል,ሟል,ሟ,ል,1
5,ሸልማለች,ሸል,ሸ,ል,ለች,ለ,ች,0
6,አልሸለመም,አል,አ,ል,መም,መ,ም,1
7,አልሸለመችም,አል,አ,ል,ችም,ች,ም,0
3,ሸልም,ሸል,ሸ,ል,ልም,ል,ም,1
3,ሸልሚ,ሸል,ሸ,ል,ልሚ,ል,ሚ,0
4,አሸልም,አሸ,አ,ሸ,ልም,ል,ም,1
4,አሸልሚ,አሸ,አ,ሸ,ልሚ,ል,ሚ,0
5,አይሸልም,አይ,አ,ይ,ልም,ል,ም,1
5,አትሸልሚ,አት,አ,ት,ልሚ,ል,ሚ,0
3,ሸሸገ,ሸሸ,ሸ,ሸ,ሸገ,ሸ,ገ,1
4,ሸሸገች,ሸሸ,ሸ,ሸ,ገች,ገ,ች,0
4,ይሸሽግ,ይሸ,ይ,ሸ,ሽግ,ሽ,ግ,1
4,ትሸሽግ,ትሸ,ት,ሸ,ሽግ,ሽ,ግ,0
5,ይሸሽጋል,ይሸ,ይ,ሸ,ጋል,ጋ,ል,1
6,ትሸሽጋለች,ትሸ,ት,ሸ,ለች,ለ,ች,0
4,ሸሽጓል,ሸሽ,ሸ,ሽ,ጓል,ጓ,ል,1
5,ሸሽጋለች,ሸሽ,ሸ,ሽ,ለች,ለ,ች,0
6,አልሸሸገም,አል,አ,ል,ገም,ገ,ም,1
7,አልሸሸገችም,አል,አ,ል,ችም,ች,ም,0
3,ሸሽግ,ሸሽ,ሸ,ሽ,ሽግ,ሽ,ግ,1
3,ሸሽጊ,ሸሽ,ሸ,ሽ,ሽጊ,ሽ,ጊ,0
4,አሸሽግ,አሸ,አ,ሸ,ሽግ,ሽ,ግ,1
4,አሸሽጊ,አሸ,አ,ሸ,ሽጊ,ሽ,ጊ,0
5,አይሸሽግ,አይ,አ,ይ,ሽግ,ሽ,ግ,1
5,አትሸሽጊ,አት,አ,ት,ሽጊ,ሽ,ጊ,0
2,ሸኘ,ሸኘ,ሸ,ኘ,ሸኘ,ሸ,ኘ,1
3,ሸኘች,ሸኘ,ሸ,ኘ,ኘች,ኘ,ች,0
3,ይሸኝ,ይሸ,ይ,ሸ,ሸኝ,ሸ,ኝ,1
3,ትሸኝ,ትሸ,ት,ሸ,ሸኝ,ሸ,ኝ,0
4,ይሸኛል,ይሸ,ይ,ሸ,ኛል,ኛ,ል,1
5,ትሸኛለች,ትሸ,ት,ሸ,ለች,ለ,ች,0
4,ሸኝቷል,ሸኝ,ሸ,ኝ,ቷል,ቷ,ል,1
5,ሸኝታለች,ሸኝ,ሸ,ኝ,ለች,ለ,ች,0
5,አልሸጠም,አል,አ,ል,ጠም,ጠ,ም,1
6,አልሸኘችም,አል,አ,ል,ችም,ች,ም,0
2,ሸኝ,ሸኝ,ሸ,ኝ,ሸኝ,ሸ,ኝ,1
2,ሸኚ,ሸኚ,ሸ,ኚ,ሸኚ,ሸ,ኚ,0
5,አሸኛኘኝ,አሸ,አ,ሸ,ኘኝ,ኘ,ኝ,1
5,አሸኛኚኚ,አሸ,አ,ሸ,ኚኚ,ኚ,ኚ,0
4,አይሸኝ,አይ,አ,ይ,ሸኝ,ሸ,ኝ,1
4,አትሸኚ,አት,አ,ት,ሸኚ,ሸ,ኚ,0
2,ሸጠ,ሸጠ,ሸ,ጠ,ሸጠ,ሸ,ጠ,1
3,ሸጠች,ሸጠ,ሸ,ጠ,ጠች,ጠ,ች,0
3,ይሽጥ,ይሽ,ይ,ሽ,ሽጥ,ሽ,ጥ,1
3,ትሽጥ,ትሽ,ት,ሽ,ሽጥ,ሽ,ጥ,0
4,ይሸጣል,ይሸ,ይ,ሸ,ጣል,ጣ,ል,1
5,ትሸጣለች,ትሸ,ት,ሸ,ለች,ለ,ች,0
3,ሸጧል,ሸጧ,ሸ,ጧ,ጧል,ጧ,ል,1
4,ሸጣለች,ሸጣ,ሸ,ጣ,ለች,ለ,ች,0
5,አልሸኝም,አል,አ,ል,ኝም,ኝ,ም,1
6,አልሸኝችም,አል,አ,ል,ችም,ች,ም,0
2,ሽጥ,ሽጥ,ሽ,ጥ,ሽጥ,ሽ,ጥ,1
2,ሽጭ,ሽጭ,ሽ,ጭ,ሽጭ,ሽ,ጭ,0
4,አሻሽጥ,አሻ,አ,ሻ,ሽጥ,ሽ,ጥ,1
4,አሻሽጭ,አሻ,አ,ሻ,ሽጭ,ሽ,ጭ,0
4,አይሽጥ,አይ,አ,ይ,ሽጥ,ሽ,ጥ,1
4,አትሽጭ,አት,አ,ት,ሽጭ,ሽ,ጭ,0
4,ቀላቀለ,ቀላ,ቀ,ላ,ቀለ,ቀ,ለ,1
5,ቀላቀለች,ቀላ,ቀ,ላ,ለች,ለ,ች,0
6,ይቀላቅላል,ይቀ,ይ,ቀ,ላል,ላ,ል,1
7,ትቀላቅላለች,ትቀ,ት,ቀ,ለች,ለ,ች,0
5,ይቀላቅል,ይቀ,ይ,ቀ,ቅል,ቅ,ል,1
5,ትቀላቅል,ትቀ,ት,ቀ,ቅል,ቅ,ል,0
5,ቀላቅሏል,ቀላ,ቀ,ላ,ሏል,ሏ,ል,1
6,ቀላቅላለች,ቀላ,ቀ,ላ,ለች,ለ,ች,0
7,አልቀላቀለም,አል,አ,ል,ለም,ለ,ም,1
8,አልቀላቀለችም,አል,አ,ል,ችም,ች,ም,0
4,ቀላቅል,ቀላ,ቀ,ላ,ቅል,ቅ,ል,1
4,ቀላቅይ,ቀላ,ቀ,ላ,ቅይ,ቅ,ይ,0
5,አቀላቅል,አቀ,አ,ቀ,ቅል,ቅ,ል,1
5,አቀላቅይ,አቀ,አ,ቀ,ቅይ,ቅ,ይ,0
7,አይቀላቅልም,አይ,አ,ይ,ልም,ል,ም,1
7,አትቀላቅይም,አት,አ,ት,ይም,ይ,ም,0
3,ቀበረ,ቀበ,ቀ,በ,በረ,በ,ረ,1
4,ቀበረች,ቀበ,ቀ,በ,ረች,ረ,ች,0
5,ይቀብራል,ይቀ,ይ,ቀ,ራል,ራ,ል,1
6,ትቀብራለች,ትቀ,ት,ቀ,ለች,ለ,ች,0
4,ይቅበር,ይቅ,ይ,ቅ,በር,በ,ር,1
4,ትቅበር,ትቅ,ት,ቅ,በር,በ,ር,0
4,ቀብሯል,ቀብ,ቀ,ብ,ሯል,ሯ,ል,1
5,ቀብራለች,ቀብ,ቀ,ብ,ለች,ለ,ች,0
6,አልቀበረም,አል,አ,ል,ረም,ረ,ም,1
7,አልቀበረችም,አል,አ,ል,ችም,ች,ም,0
3,ቅበር,ቅበ,ቅ,በ,በር,በ,ር,1
3,ቅበሪ,ቅበ,ቅ,በ,በሪ,በ,ሪ,0
5,አቀባብር,አቀ,አ,ቀ,ብር,ብ,ር,1
5,አቀባብሪ,አቀ,አ,ቀ,ብሪ,ብ,ሪ,0
5,አያቃብር,አያ,አ,ያ,ብር,ብ,ር,1
5,አትቅቢሪ,አት,አ,ት,ቢሪ,ቢ,ሪ,0
3,ቀደመ,ቀደ,ቀ,ደ,ደመ,ደ,መ,1
4,ቀደመች,ቀደ,ቀ,ደ,መች,መ,ች,0
5,ይቀድማል,ይቀ,ይ,ቀ,ማል,ማ,ል,1
6,ትቀድማለች,ትቀ,ት,ቀ,ለች,ለ,ች,0
4,ይቅደም,ይቅ,ይ,ቅ,ደም,ደ,ም,1
4,ትቅደም,ትቅ,ት,ቅ,ደም,ደ,ም,0
4,ቀድሟል,ቀድ,ቀ,ድ,ሟል,ሟ,ል,1
5,ቀድማለች,ቀድ,ቀ,ድ,ለች,ለ,ች,0
6,አልቀደመም,አል,አ,ል,መም,መ,ም,1
7,አልቀደመችም,አል,አ,ል,ችም,ች,ም,0
3,ቅደም,ቅደ,ቅ,ደ,ደም,ደ,ም,1
3,ቀደሚ,ቀደ,ቀ,ደ,ደሚ,ደ,ሚ,0
5,አስቀድም,አስ,አ,ስ,ድም,ድ,ም,1
5,አስቀድሚ,አስ,አ,ስ,ድሚ,ድ,ሚ,0
6,አታስቀድሚ,አታ,አ,ታ,ድሚ,ድ,ሚ,0
3,ቀደደ,ቀደ,ቀ,ደ,ደደ,ደ,ደ,1
4,ቀደደች,ቀደ,ቀ,ደ,ደች,ደ,ች,0
4,ይቀዳል,ይቀ,ይ,ቀ,ዳል,ዳ,ል,1
5,ትቀዳለች,ትቀ,ት,ቀ,ለች,ለ,ች,0
4,ይቅደድ,ይቅ,ይ,ቅ,ደድ,ደ,ድ,1
4,ትቅደድ,ትቅ,ት,ቅ,ደድ,ደ,ድ,0
3,ቀዷል,ቀዷ,ቀ,ዷ,ዷል,ዷ,ል,1
4,ቀዳለች,ቀዳ,ቀ,ዳ,ለች,ለ,ች,0
6,አልቀደደም,አል,አ,ል,ደም,ደ,ም,1
7,አልቀደደችም,አል,አ,ል,ችም,ች,ም,0
3,ቅደድ,ቅደ,ቅ,ደ,ደድ,ደ,ድ,1
3,ቅደጅ,ቅደ,ቅ,ደ,ደጅ,ደ,ጅ,0
5,አስቀድድ,አስ,አ,ስ,ድድ,ድ,ድ,1
5,አስቀድጅ,አስ,አ,ስ,ድጅ,ድ,ጅ,0
6,አታስቀድጅ,አታ,አ,ታ,ድጅ,ድ,ጅ,0
4,ቀጠቀጠ,ቀጠ,ቀ,ጠ,ቀጠ,ቀ,ጠ,1
5,ቀጠቀጠች,ቀጠ,ቀ,ጠ,ጠች,ጠ,ች,0
6,ይቀጠቅጣል,ይቀ,ይ,ቀ,ጣል,ጣ,ል,1
7,ትቀጠቅጣለች,ትቀ,ት,ቀ,ለች,ለ,ች,0
5,ይቀጥቅጥ,ይቀ,ይ,ቀ,ቅጥ,ቅ,ጥ,1
5,ትቀጥቅጥ,ትቀ,ት,ቀ,ቅጥ,ቅ,ጥ,0
5,ቀጥቅጧል,ቀጥ,ቀ,ጥ,ጧል,ጧ,ል,1
6,ቀጥቅጣለች,ቀጥ,ቀ,ጥ,ለች,ለ,ች,0
7,አልቀጠቀጠም,አል,አ,ል,ጠም,ጠ,ም,1
8,አልቀጠቀጠችም,አል,አ,ል,ችም,ች,ም,0
4,ቀጥቅጥ,ቀጥ,ቀ,ጥ,ቅጥ,ቅ,ጥ,1
4,ቀጥቅጭ,ቀጥ,ቀ,ጥ,ቅጭ,ቅ,ጭ,0
6,አስቀጥቅጥ,አስ,አ,ስ,ቅጥ,ቅ,ጥ,1
6,ዐስቀጥቅጭ,ዐስ,ዐ,ስ,ቅጭ,ቅ,ጭ,0
7,አይቀጠቅጥም,አይ,አ,ይ,ጥም,ጥ,ም,1
6,አትቀጥቅጭ,አት,አ,ት,ቅጭ,ቅ,ጭ,0
3,ቆለፈ,ቆለ,ቆ,ለ,ለፈ,ለ,ፈ,1
4,ቆለፈች,ቆለ,ቆ,ለ,ፈች,ፈ,ች,0
5,ይቆልፋል,ይቆ,ይ,ቆ,ፋል,ፋ,ል,1
6,ትቆልፋለች,ትቆ,ት,ቆ,ለች,ለ,ች,0
4,ይቆልፍ,ይቆ,ይ,ቆ,ልፍ,ል,ፍ,1
4,ትቆልፍ,ትቆ,ት,ቆ,ልፍ,ል,ፍ,0
4,ቆልፏል,ቆል,ቆ,ል,ፏል,ፏ,ል,1
5,ቆልፋለች,ቆል,ቆ,ል,ለች,ለ,ች,0
6,አልቆለፈም,አል,አ,ል,ፈም,ፈ,ም,1
7,አለቆለፈችም,አለ,አ,ለ,ችም,ች,ም,0
3,ቆልፍ,ቆል,ቆ,ል,ልፍ,ል,ፍ,1
3,ቆልፊ,ቆል,ቆ,ል,ልፊ,ል,ፊ,0
5,አስቆልፍ,አስ,አ,ስ,ልፍ,ል,ፍ,1
5,አስቆልፊ,አስ,አ,ስ,ልፊ,ል,ፊ,0
6,አይቆልፍም,አይ,አ,ይ,ፍም,ፍ,ም,1
5,አትቆልፊ,አት,አ,ት,ልፊ,ል,ፊ,0
3,ቆረሰ,ቆረ,ቆ,ረ,ረሰ,ረ,ሰ,1
4,ቆረሰች,ቆረ,ቆ,ረ,ሰች,ሰ,ች,0
5,ይቆርሳል,ይቆ,ይ,ቆ,ሳል,ሳ,ል,1
6,ትቆርሳለች,ትቆ,ት,ቆ,ለች,ለ,ች,0
4,ይቁረስ,ይቁ,ይ,ቁ,ረስ,ረ,ስ,1
4,ትቁረስ,ትቁ,ት,ቁ,ረስ,ረ,ስ,0
4,ቆርሷል,ቆር,ቆ,ር,ሷል,ሷ,ል,1
5,ቆርሳለች,ቆር,ቆ,ር,ለች,ለ,ች,0
6,አልቆረሰም,አል,አ,ል,ሰም,ሰ,ም,1
7,አልቆረሰችም,አል,አ,ል,ችም,ች,ም,0
3,ቁረስ,ቁረ,ቁ,ረ,ረስ,ረ,ስ,1
3,ቁረሽ,ቁረ,ቁ,ረ,ረሽ,ረ,ሽ,0
5,አስቆርስ,አስ,አ,ስ,ርስ,ር,ስ,1
5,አስቆርሽ,አስ,አ,ስ,ርሽ,ር,ሽ,0
6,አይቆርስም,አይ,አ,ይ,ስም,ስ,ም,1
5,አትቁረሽ,አት,አ,ት,ረሽ,ረ,ሽ,0
2,ቆየ,ቆየ,ቆ,የ,ቆየ,ቆ,የ,1
3,ቆየች,ቆየ,ቆ,የ,የች,የ,ች,0
4,ይቆያል,ይቆ,ይ,ቆ,ያል,ያ,ል,1
5,ትቆያለች,ትቆ,ት,ቆ,ለች,ለ,ች,0
3,ይቆይ,ይቆ,ይ,ቆ,ቆይ,ቆ,ይ,1
3,ትቆይ,ትቆ,ት,ቆ,ቆይ,ቆ,ይ,0
4,ቆይቷል,ቆይ,ቆ,ይ,ቷል,ቷ,ል,1
5,ቆይታለች,ቆይ,ቆ,ይ,ለች,ለ,ች,0
5,አልቆየም,አል,አ,ል,የም,የ,ም,1
6,አልቆየችም,አል,አ,ል,ችም,ች,ም,0
2,ቆይ,ቆይ,ቆ,ይ,ቆይ,ቆ,ይ,1
2,ቆዪ,ቆዪ,ቆ,ዪ,ቆዪ,ቆ,ዪ,0
4,አስቆይ,አስ,አ,ስ,ቆይ,ቆ,ይ,1
4,አስቆዪ,አስ,አ,ስ,ቆዪ,ቆ,ዪ,0
5,አይቆይም,አይ,አ,ይ,ይም,ይ,ም,1
4,አትቆዪ,አት,አ,ት,ቆዪ,ቆ,ዪ,0
3,በረዘ,በረ,በ,ረ,ረዘ,ረ,ዘ,1
4,በረዘች,በረ,በ,ረ,ዘች,ዘ,ች,0
5,ይበርዛል,ይበ,ይ,በ,ዛል,ዛ,ል,1
6,ትበርዛለች,ትበ,ት,በ,ለች,ለ,ች,0
4,ይበርዝ,ይበ,ይ,በ,ርዝ,ር,ዝ,1
4,ትበርዝ,ትበ,ት,በ,ርዝ,ር,ዝ,0
4,በርዟል,በር,በ,ር,ዟል,ዟ,ል,1
5,በርዛለች,በር,በ,ር,ለች,ለ,ች,0
6,አልበረዘም,አል,አ,ል,ዘም,ዘ,ም,1
7,አልበረዘችም,አል,አ,ል,ችም,ች,ም,0
3,በርዝ,በር,በ,ር,ርዝ,ር,ዝ,1
3,በርዢ,በር,በ,ር,ርዢ,ር,ዢ,0
5,አስበርዝ,አስ,አ,ስ,ርዝ,ር,ዝ,1
5,አስበርዢ,አስ,አ,ስ,ርዢ,ር,ዢ,0
6,አይበርዝም,አይ,አ,ይ,ዝም,ዝ,ም,1
5,አትበርዢ,አት,አ,ት,ርዢ,ር,ዢ,0
3,በረታ,በረ,በ,ረ,ረታ,ረ,ታ,1
4,በረታች,በረ,በ,ረ,ታች,ታ,ች,0
5,ይበረታል,ይበ,ይ,በ,ታል,ታ,ል,1
6,ትበረታለች,ትበ,ት,በ,ለች,ለ,ች,0
4,ይበርታ,ይበ,ይ,በ,ርታ,ር,ታ,1
4,ትበርታ,ትበ,ት,በ,ርታ,ር,ታ,0
5,በርትቷል,በር,በ,ር,ቷል,ቷ,ል,1
6,በርትታለች,በር,በ,ር,ለች,ለ,ች,0
6,አልበረታም,አል,አ,ል,ታም,ታ,ም,1
7,አልበረታችም,አል,አ,ል,ችም,ች,ም,0
3,በርታ,በር,በ,ር,ርታ,ር,ታ,1
3,በርች,በር,በ,ር,ርች,ር,ች,0
5,አበረታታ,አበ,አ,በ,ታታ,ታ,ታ,1
5,አበረታች,አበ,አ,በ,ታች,ታ,ች,0
6,አይበረታም,አይ,አ,ይ,ታም,ታ,ም,1
5,አትበርች,አት,አ,ት,ርች,ር,ች,0
3,በተነ,በተ,በ,ተ,ተነ,ተ,ነ,1
4,በተነች,በተ,በ,ተ,ነች,ነ,ች,0
4,ይበትን,ይበ,ይ,በ,ትን,ት,ን,1
4,ትበትን,ትበ,ት,በ,ትን,ት,ን,0
5,ይበትናል,ይበ,ይ,በ,ናል,ና,ል,1
6,ትበትናለች,ትበ,ት,በ,ለች,ለ,ች,0
4,በትኗል,በት,በ,ት,ኗል,ኗ,ል,1
5,በትናለች,በት,በ,ት,ለች,ለ,ች,0
6,አልበተነም,አል,አ,ል,ነም,ነ,ም,1
7,አልበተነችም,አል,አ,ል,ችም,ች,ም,0
3,በትን,በት,በ,ት,ትን,ት,ን,1
3,በትኝ,በት,በ,ት,ትኝ,ት,ኝ,0
5,አስበትን,አስ,አ,ስ,ትን,ት,ን,1
5,አስበትኝ,አስ,አ,ስ,ትኝ,ት,ኝ,0
6,አይበትንም,አይ,አ,ይ,ንም,ን,ም,1
5,አትበትኝ,አት,አ,ት,ትኝ,ት,ኝ,0
3,በጠሰ,በጠ,በ,ጠ,ጠሰ,ጠ,ሰ,1
4,በጠሰች,በጠ,በ,ጠ,ሰች,ሰ,ች,0
4,ይበጥስ,ይበ,ይ,በ,ጥስ,ጥ,ስ,1
4,ትበጥስ,ትበ,ት,በ,ጥስ,ጥ,ስ,0
5,ይበጥሳል,ይበ,ይ,በ,ሳል,ሳ,ል,1
6,ትበጥሳለች,ትበ,ት,በ,ለች,ለ,ች,0
4,በጥሷል,በጥ,በ,ጥ,ሷል,ሷ,ል,1
5,በጥሳለች,በጥ,በ,ጥ,ለች,ለ,ች,0
6,አልበጠሰም,አል,አ,ል,ሰም,ሰ,ም,1
7,ዐልበጠሰችም,ዐል,ዐ,ል,ችም,ች,ም,0
3,በጥስ,በጥ,በ,ጥ,ጥስ,ጥ,ስ,1
3,በጥሽ,በጥ,በ,ጥ,ጥሽ,ጥ,ሽ,0
5,ዐስበጥስ,ዐስ,ዐ,ስ,ጥስ,ጥ,ስ,1
5,አስበጥሽ,አስ,አ,ስ,ጥሽ,ጥ,ሽ,0
6,ዐይበጥስም,ዐይ,ዐ,ይ,ስም,ስ,ም,1
5,አትበጥሽ,አት,አ,ት,ጥሽ,ጥ,ሽ,0
3,ቦዘነ,ቦዘ,ቦ,ዘ,ዘነ,ዘ,ነ,1
4,ቦዘነች,ቦዘ,ቦ,ዘ,ነች,ነ,ች,0
4,ይቦዝን,ይቦ,ይ,ቦ,ዝን,ዝ,ን,1
4,ትቦዝን,ትቦ,ት,ቦ,ዝን,ዝ,ን,0
5,ይቦዝናል,ይቦ,ይ,ቦ,ናል,ና,ል,1
6,ትቦዝናለች,ትቦ,ት,ቦ,ለች,ለ,ች,0
4,ቦዝኗል,ቦዝ,ቦ,ዝ,ኗል,ኗ,ል,1
5,ቦዝናለች,ቦዝ,ቦ,ዝ,ለች,ለ,ች,0
6,አልቦዘነም,አል,አ,ል,ነም,ነ,ም,1
7,አልቦዘነችም,አል,አ,ል,ችም,ች,ም,0
3,ቦዝን,ቦዝ,ቦ,ዝ,ዝን,ዝ,ን,1
3,ቦዝኝ,ቦዝ,ቦ,ዝ,ዝኝ,ዝ,ኝ,0
5,አስቦዝን,አስ,አ,ስ,ዝን,ዝ,ን,1
5,አስቦዝኝ,አስ,አ,ስ,ዝኝ,ዝ,ኝ,0
6,አይቦዝንም,አይ,አ,ይ,ንም,ን,ም,1
5,አትቦዝኝ,አት,አ,ት,ዝኝ,ዝ,ኝ,0
4,ተመለሰ,ተመ,ተ,መ,ለሰ,ለ,ሰ,1
5,ተመለሰች,ተመ,ተ,መ,ሰች,ሰ,ች,0
4,ይመለስ,ይመ,ይ,መ,ለስ,ለ,ስ,1
4,ትመለስ,ትመ,ት,መ,ለስ,ለ,ስ,0
5,ይመለሳል,ይመ,ይ,መ,ሳል,ሳ,ል,1
6,ትመለሳለች,ትመ,ት,መ,ለች,ለ,ች,0
5,ተመልሷል,ተመ,ተ,መ,ሷል,ሷ,ል,1
6,ተመልሳለች,ተመ,ተ,መ,ለች,ለ,ች,0
7,አልተመለሰም,አል,አ,ል,ሰም,ሰ,ም,1
8,አልተመለሰችም,አል,አ,ል,ችም,ች,ም,0
4,ተመለስ,ተመ,ተ,መ,ለስ,ለ,ስ,1
4,ተመለሽ,ተመ,ተ,መ,ለሽ,ለ,ሽ,0
3,መልስ,መል,መ,ል,ልስ,ል,ስ,1
3,መልሽ,መል,መ,ል,ልሽ,ል,ሽ,0
6,አይመልስም,አይ,አ,ይ,ስም,ስ,ም,1
5,አትመልሽ,አት,አ,ት,ልሽ,ል,ሽ,0
5,ተመለከተ,ተመ,ተ,መ,ከተ,ከ,ተ,1
6,ተመለከተች,ተመ,ተ,መ,ተች,ተ,ች,0
5,ይመልከት,ይመ,ይ,መ,ከት,ከ,ት,1
5,ትመልከት,ትመ,ት,መ,ከት,ከ,ት,0
6,ይመለከታል,ይመ,ይ,መ,ታል,ታ,ል,1
7,ትመለከታለች,ትመ,ት,መ,ለች,ለ,ች,0
6,ተመልክቷል,ተመ,ተ,መ,ቷል,ቷ,ል,1
7,ተመልክታለች,ተመ,ተ,መ,ለች,ለ,ች,0
8,አልተመለከትም,አል,አ,ል,ትም,ት,ም,1
9,አልተመለከተችም,አል,አ,ል,ችም,ች,ም,0
5,ተመልከት,ተመ,ተ,መ,ከት,ከ,ት,1
5,ተመልከች,ተመ,ተ,መ,ከች,ከ,ች,0
5,አመልክት,አመ,አ,መ,ክት,ክ,ት,1
5,አመልክች,አመ,አ,መ,ክች,ክ,ች,0
7,አይመለከትም,አይ,አ,ይ,ትም,ት,ም,1
6,አትመልከች,አት,አ,ት,ከች,ከ,ች,0
4,ተባረረ,ተባ,ተ,ባ,ረረ,ረ,ረ,1
5,ተባረረች,ተባ,ተ,ባ,ረች,ረ,ች,0
5,ይባረራል,ይባ,ይ,ባ,ራል,ራ,ል,1
6,ትባረራለች,ትባ,ት,ባ,ለች,ለ,ች,0
4,ይባረር,ይባ,ይ,ባ,ረር,ረ,ር,1
4,ትባረር,ትባ,ት,ባ,ረር,ረ,ር,0
4,ተባሯል,ተባ,ተ,ባ,ሯል,ሯ,ል,1
5,ተባራለች,ተባ,ተ,ባ,ለች,ለ,ች,0
7,አልተባረረም,አል,አ,ል,ረም,ረ,ም,1
8,አልተባረረችም,አል,አ,ል,ችም,ች,ም,0
3,አባር,አባ,አ,ባ,ባር,ባ,ር,1
3,አባሪ,አባ,አ,ባ,ባሪ,ባ,ሪ,0
4,ተባረር,ተባ,ተ,ባ,ረር,ረ,ር,1
4,ተባረሪ,ተባ,ተ,ባ,ረሪ,ረ,ሪ,0
6,አይባረረም,አይ,አ,ይ,ረም,ረ,ም,1
5,አትባረሪ,አት,አ,ት,ረሪ,ረ,ሪ,0